iso_time,t_rel_s,presence,distance,http_status
2026-09-17T19:36:24,0.0,True,302,200
2026-09-17T19:36:26,1.5,True,359,200
2026-09-17T19:36:28,3.1,True,455,200
2026-09-17T19:36:29,4.7,True,571,200
2026-09-17T19:36:31,6.2,True,553,200
2026-09-17T19:36:32,7.7,True,576,200
2026-09-17T19:36:34,9.2,True,514,200
2026-09-17T19:36:35,10.8,True,436,200
2026-09-17T19:36:37,12.3,True,380,200
2026-09-17T19:36:38,13.8,True,289,200
2026-09-17T19:36:40,15.3,True,228,200
2026-09-17T19:36:41,16.9,True,141,200
2026-09-17T19:36:43,18.4,True,89,200
2026-09-17T19:36:44,19.9,True,53,200
2026-09-17T19:36:46,21.4,True,14,200
2026-09-17T19:36:47,23.0,True,9,200
2026-09-17T19:36:49,24.5,True,9,200
2026-09-17T19:36:50,26.0,True,9,200
2026-09-17T19:36:52,27.5,True,9,200
2026-09-17T19:36:53,29.1,True,38,200
2026-09-17T19:36:55,30.6,True,89,200
2026-09-17T19:36:56,32.1,True,146,200
2026-09-17T19:36:58,33.6,True,216,200
2026-09-17T19:37:00,35.2,True,224,200
2026-09-17T19:37:01,36.7,True,276,200
2026-09-17T19:37:03,38.2,True,315,200
2026-09-17T19:37:04,39.7,True,338,200
2026-09-17T19:37:06,41.2,True,374,200
2026-09-17T19:37:07,42.8,True,385,200
2026-09-17T19:37:09,44.3,True,405,200
2026-09-17T19:37:10,45.8,True,434,200
2026-09-17T19:37:12,47.4,True,497,200
2026-09-17T19:37:13,48.9,True,519,200
2026-09-17T19:37:15,50.4,True,559,200
2026-09-17T19:37:16,51.9,True,600,200
2026-09-17T19:37:18,53.4,True,518,200
2026-09-17T19:37:19,55.0,True,517,200
2026-09-17T19:37:21,56.5,True,443,200
2026-09-17T19:37:22,58.0,True,405,200
2026-09-17T19:37:24,59.5,True,377,200
2026-09-17T19:37:25,61.1,True,343,200
2026-09-17T19:37:27,62.6,True,286,200
2026-09-17T19:37:29,64.1,True,267,200
2026-09-17T19:37:30,65.6,True,205,200
2026-09-17T19:37:32,67.2,True,174,200
2026-09-17T19:37:33,68.7,True,154,200
2026-09-17T19:37:35,70.2,True,166,200
2026-09-17T19:37:36,71.8,True,137,200
2026-09-17T19:37:38,73.3,True,94,200
2026-09-17T19:37:39,74.8,True,74,200
2026-09-17T19:37:41,76.3,True,63,200
2026-09-17T19:37:42,77.9,True,51,200
2026-09-17T19:37:44,79.4,True,32,200
2026-09-17T19:37:45,80.9,True,12,200
2026-09-17T19:37:47,82.4,True,13,200
2026-09-17T19:37:48,84.0,True,58,200
2026-09-17T19:37:50,85.5,True,71,200
2026-09-17T19:37:51,87.0,True,123,200
2026-09-17T19:37:53,88.5,True,143,200
2026-09-17T19:37:54,90.1,True,206,200
2026-09-17T19:37:56,91.6,True,243,200
2026-09-17T19:37:58,93.1,True,296,200
2026-09-17T19:37:59,94.6,True,319,200
2026-09-17T19:38:01,96.2,True,348,200
2026-09-17T19:38:02,97.7,True,331,200
2026-09-17T19:38:04,99.2,True,382,200
2026-09-17T19:38:05,100.7,True,426,200
2026-09-17T19:38:07,102.3,True,404,200
2026-09-17T19:38:08,103.8,True,404,200
2026-09-17T19:38:10,105.3,True,352,200
2026-09-17T19:38:11,106.8,True,466,200
2026-09-17T19:38:13,108.4,True,536,200
2026-09-17T19:38:14,109.9,True,536,200
2026-09-17T19:38:16,111.4,True,536,200
2026-09-17T19:38:17,112.9,True,536,200
2026-09-17T19:38:19,114.5,True,536,200
2026-09-17T19:38:20,116.0,True,536,200
2026-09-17T19:38:22,117.5,True,536,200
2026-09-17T19:38:23,119.0,True,536,200
2026-09-17T19:38:25,120.6,True,536,200
2026-09-17T19:38:27,122.1,True,536,200
2026-09-17T19:38:28,123.6,True,536,200
2026-09-17T19:38:30,125.1,True,536,200
2026-09-17T19:38:31,126.7,True,536,200
2026-09-17T19:38:33,128.2,True,536,200
2026-09-17T19:38:34,129.7,True,536,200
2026-09-17T19:38:36,131.3,True,536,200
2026-09-17T19:38:37,132.8,True,536,200
2026-09-17T19:38:39,134.3,True,554,200
2026-09-17T19:38:40,135.8,True,472,200
2026-09-17T19:38:42,137.4,True,393,200
2026-09-17T19:38:43,138.9,True,414,200
2026-09-17T19:38:45,140.4,True,393,200
2026-09-17T19:38:46,141.9,True,393,200
2026-09-17T19:38:48,143.5,True,393,200
2026-09-17T19:38:49,145.0,True,393,200
2026-09-17T19:38:51,146.5,True,353,200
2026-09-17T19:38:52,148.1,True,395,200
2026-09-17T19:38:54,149.6,True,398,200
2026-09-17T19:38:56,151.1,True,323,200
2026-09-17T19:38:57,152.6,True,267,200
2026-09-17T19:38:59,154.2,True,160,200
2026-09-17T19:39:00,155.7,True,119,200
2026-09-17T19:39:02,157.2,True,57,200
2026-09-17T19:39:03,158.7,True,16,200
2026-09-17T19:39:05,160.3,True,15,200
2026-09-17T19:39:06,161.8,True,79,200
2026-09-17T19:39:08,163.3,True,159,200
2026-09-17T19:39:09,164.9,True,232,200
2026-09-17T19:39:11,166.4,True,288,200
2026-09-17T19:39:12,167.9,True,313,200
2026-09-17T19:39:14,169.4,True,368,200
2026-09-17T19:39:15,171.0,True,461,200
2026-09-17T19:39:17,172.5,True,504,200
2026-09-17T19:39:18,174.1,True,582,200
2026-09-17T19:39:20,175.7,True,594,200
2026-09-17T19:39:22,177.2,True,553,200
2026-09-17T19:39:23,178.8,True,505,200
2026-09-17T19:39:25,180.3,True,421,200
2026-09-17T19:39:26,181.8,True,385,200
2026-09-17T19:39:28,183.4,True,589,200
2026-09-17T19:39:29,184.9,True,589,200
2026-09-17T19:39:31,186.4,True,589,200
2026-09-17T19:39:32,187.9,True,589,200
2026-09-17T19:39:34,189.5,True,589,200
2026-09-17T19:39:35,191.0,True,589,200
2026-09-17T19:39:37,192.5,True,589,200
2026-09-17T19:39:38,194.0,True,589,200
2026-09-17T19:39:40,195.6,True,589,200
2026-09-17T19:39:41,197.1,True,589,200
2026-09-17T19:39:43,198.6,True,589,200
2026-09-17T19:39:44,200.1,True,552,200
2026-09-17T19:39:46,201.6,True,402,200
2026-09-17T19:39:48,203.2,True,285,200
2026-09-17T19:39:49,204.7,True,251,200
2026-09-17T19:39:51,206.2,True,251,200
